hp_code	hp_term	mesh_code
HP:0200042	Skin ulcer	MESH:D012883
HP:0000873	Diabetes insipidus	MESH:D003919
HP:0100963	Hyperesthesia	MESH:D006941
HP:0000526	Aniridia	MESH:D015783
HP:0000867	Secondary hyperparathyroidism	MESH:D006962
HP:0001369	Arthritis	MESH:D001168
HP:0001025	Urticaria	MESH:D014581
HP:0100621	Dysgerminoma	MESH:D004407
HP:0012325	Chronic myelomonocytic leukemia	MESH:D015477
HP:0010702	Increased antibody level in blood	MESH:D006942
HP:0002445	Tetraplegia	MESH:D011782
HP:0004950	Peripheral arterial disease	MESH:D058729
HP:0012710	Ingrown nail	MESH:D009263
HP:0008064	Ichthyosis	MESH:D007057
HP:0000836	Hyperthyroidism	MESH:D006980
HP:0003651	Foam cells	MESH:D005487
HP:0004755	Supraventricular tachycardia	MESH:D013617
HP:0001363	Craniosynostosis	MESH:D003398
HP:0000303	Mandibular prognathia	MESH:D011378
HP:0001082	Cholecystitis	MESH:D002764
HP:0001907	Thromboembolism	MESH:D013923
HP:0002148	Hypophosphatemia	MESH:D017674
HP:0002913	Myoglobinuria	MESH:D009212
HP:0100574	Biliary tract neoplasm	MESH:D001661
HP:0008335	Renal aminoaciduria	MESH:D000608
HP:0010518	Thyroglossal cyst	MESH:D013955
HP:0002442	Dyscalculia	MESH:D060705
HP:0009726	Renal neoplasm	MESH:D007680
HP:0100762	Hemobilia	MESH:D006431
HP:0001622	Premature birth	MESH:D047928
HP:0100580	Barrett esophagus	MESH:D001471
HP:0006280	Chronic pancreatitis	MESH:D050500
HP:0012377	Hemianopia	MESH:D006423
HP:0000891	Cervical ribs	MESH:D057070
HP:0005180	Tricuspid regurgitation	MESH:D014262
HP:0012641	Decreased intracranial pressure	MESH:D019585
HP:0006682	Ventricular extrasystoles	MESH:D018879
HP:0000975	Hyperhidrosis	MESH:D006945
HP:0001636	Tetralogy of Fallot	MESH:D013771
HP:0000805	Enuresis	MESH:D004775
HP:0002902	Hyponatremia	MESH:D007010
HP:0000876	Oligomenorrhea	MESH:D009839
HP:0002619	Varicose veins	MESH:D014648
HP:0000016	Urinary retention	MESH:D016055
HP:0100684	Salivary gland neoplasm	MESH:D012468
HP:0001045	Vitiligo	MESH:D014820
HP:0001919	Acute kidney injury	MESH:D058186
HP:0002077	Migraine with aura	MESH:D020325
HP:0001945	Fever	MESH:D005334
HP:0100808	Gastric diverticulum	MESH:D013273
HP:0003273	Hip contracture	MESH:D006616
HP:0000133	Gonadal dysgenesis	MESH:D006059
HP:0006765	Chondrosarcoma	MESH:D002813
HP:0100768	Choriocarcinoma	MESH:D002822
HP:0001562	Oligohydramnios	MESH:D016104
HP:0002960	Autoimmunity	MESH:D015551
HP:0002027	Abdominal pain	MESH:D015746
HP:0001888	Lymphopenia	MESH:D008231
HP:0002861	Melanoma	MESH:D008545
HP:0002904	Hyperbilirubinemia	MESH:D006932
HP:0002970	Genu varum	MESH:D056305
HP:0000556	Retinal dystrophy	MESH:D058499
HP:0005511	Heinz body anemia	MESH:D006366
HP:0001006	Hypotrichosis	MESH:D007039
HP:0012115	Hepatitis	MESH:D006505
HP:0002171	Gliosis	MESH:D005911
HP:0002829	Arthralgia	MESH:D018771
HP:0001339	Lissencephaly	MESH:D054082
HP:0000568	Microphthalmia	MESH:D008850
HP:0100614	Myositis	MESH:D009220
HP:0100512	Vitamin D deficiency	MESH:D014808
HP:0000070	Ureterocele	MESH:D014518
HP:0002884	Hepatoblastoma	MESH:D018197
HP:0002248	Hematemesis	MESH:D006396
HP:0012461	Bacteriuria	MESH:D001437
HP:0000961	Cyanosis	MESH:D003490
HP:0002315	Headache	MESH:D006261
HP:0000952	Jaundice	MESH:D007565
HP:0004836	Acute promyelocytic leukemia	MESH:D015473
HP:0002745	Oral leukoplakia	MESH:D007972
HP:0003159	Hyperoxaluria	MESH:D006959
HP:0001260	Dysarthria	MESH:D004401
HP:0001645	Sudden cardiac death	MESH:D016757
HP:0001107	Ocular albinism	MESH:D016117
HP:0012578	Membranous nephropathy	MESH:D015433
HP:0000648	Optic atrophy	MESH:D009896
HP:0010521	Gait apraxia	MESH:D020235
HP:0009125	Lipodystrophy	MESH:D008060
HP:0010797	Hemangioblastoma	MESH:D018325
HP:0000010	Recurrent urinary tract infections	MESH:D014552
HP:0000824	Growth hormone deficiency	MESH:D004393
HP:0007879	Allergic conjunctivitis	MESH:D003233
HP:0000206	Glossitis	MESH:D005928
HP:0000027	Azoospermia	MESH:D053713
HP:0100546	Carotid artery stenosis	MESH:D016893
HP:0010474	Bladder stones	MESH:D001744
HP:0002411	Myokymia	MESH:D020385
HP:0004947	Arteriovenous fistula	MESH:D001164
HP:0002039	Anorexia	MESH:D000855
HP:0012005	Deja vu	MESH:D003690
HP:0002595	Ileus	MESH:D045823
HP:0001102	Angioid streaks of the retina	MESH:D000793
HP:0001132	Lens subluxation	MESH:D007906
HP:0007686	Abnormal pupillary function	MESH:D011681
HP:0001894	Thrombocytosis	MESH:D013922
HP:0000150	Gonadoblastoma	MESH:D018238
HP:0001342	Cerebral hemorrhage	MESH:D002543
HP:0001602	Laryngeal stenosis	MESH:D007829
HP:0000211	Trismus	MESH:D014313
HP:0001166	Arachnodactyly	MESH:D054119
HP:0000851	Congenital hypothyroidism	MESH:D003409
HP:0007185	Loss of consciousness	MESH:D014474
HP:0002885	Medulloblastoma	MESH:D008527
HP:0000421	Epistaxis	MESH:D004844
HP:0002155	Hypertriglyceridemia	MESH:D015228
HP:0000212	Gingival overgrowth	MESH:D019214
HP:0001520	Large for gestational age	MESH:D005320
HP:0002110	Bronchiectasis	MESH:D001987
HP:0001873	Thrombocytopenia	MESH:D013921
HP:0002859	Rhabdomyosarcoma	MESH:D012208
HP:0100890	Cyst of the ductus choledochus	MESH:D015529
HP:0002650	Scoliosis	MESH:D012600
HP:0000991	Xanthomatosis	MESH:D014973
HP:0100242	Sarcoma	MESH:D012509
HP:0005110	Atrial fibrillation	MESH:D001281
HP:0002570	Steatorrhea	MESH:D045602
HP:0001719	Double outlet right ventricle	MESH:D004310
HP:0000787	Nephrolithiasis	MESH:D053040
HP:0000160	Narrow mouth	MESH:D008865
HP:0005227	Adenomatous colonic polyposis	MESH:D011125
HP:0000746	Delusions	MESH:D003702
HP:0002240	Hepatomegaly	MESH:D006529
HP:0005101	High-frequency hearing impairment	MESH:D006316
HP:0200008	Intestinal polyposis	MESH:D044483
HP:0012330	Pyelonephritis	MESH:D011704
HP:0002666	Pheochromocytoma	MESH:D010673
HP:0000563	Keratoconus	MESH:D007640
HP:0002385	Paraparesis	MESH:D020335
HP:0001683	Ectopia cordis	MESH:D054083
HP:0005315	Peripheral artery occlusive disease	MESH:D001157
HP:0010735	Polyostotic fibrous dysplasia	MESH:D005359
HP:0005508	Waldenstrom macroglobulinemia	MESH:D008258
HP:0010516	Thymus hyperplasia	MESH:D013952
HP:0100541	Femoral hernia	MESH:D006550
HP:0000265	Mastoiditis	MESH:D008417
HP:0011887	Choroid hemorrhage	MESH:D002832
HP:0008188	Thyroid dysgenesis	MESH:D050033
HP:0004810	Congenital hypoplastic anemia	MESH:D029502
HP:0000017	Nocturia	MESH:D053158
HP:0002202	Pleural effusion	MESH:D010996
HP:0000706	Unerupted tooth	MESH:D014097
HP:0002779	Tracheomalacia	MESH:D055090
HP:0003076	Glycosuria	MESH:D006029
HP:0003005	Ganglioneuroma	MESH:D005729
HP:0100518	Dysuria	MESH:D053159
HP:0100273	Neoplasm of the colon	MESH:D003110
HP:0012290	Mouth neoplasm	MESH:D009062
HP:0001976	Reduced antithrombin III activity	MESH:D020152
HP:0002324	Hydranencephaly	MESH:D006832
HP:0002300	Mutism	MESH:D009155
HP:0000823	Delayed puberty	MESH:D011628
HP:0005526	Lymphoid leukemia	MESH:D007945
HP:0002047	Malignant hyperthermia	MESH:D008305
HP:0100778	Cryoglobulinemia	MESH:D003449
HP:0002305	Athetosis	MESH:D001264
HP:0008200	Primary hyperparathyroidism	MESH:D049950
HP:0011854	Hemoperitoneum	MESH:D006465
HP:0000360	Tinnitus	MESH:D014012
HP:0002673	Coxa valga	MESH:D060906
HP:0100813	Testicular torsion	MESH:D013086
HP:0008222	Female infertility	MESH:D007247
HP:0001097	Keratoconjunctivitis sicca	MESH:D007638
HP:0012653	Status Asthmaticus	MESH:D013224
HP:0012209	Juvenile myelomonocytic leukemia	MESH:D054429
HP:0002239	Gastrointestinal hemorrhage	MESH:D006471
HP:0004845	Acute monocytic leukemia	MESH:D007948
HP:0000238	Hydrocephalus	MESH:D006849
HP:0012344	Morphea	MESH:D012594
HP:0100749	Chest pain	MESH:D002637
HP:0012378	Fatigue	MESH:D005221
HP:0001618	Dysphonia	MESH:D055154
HP:0011856	Pica	MESH:D010842
HP:0000097	Focal segmental glomerulosclerosis	MESH:D005923
HP:0012062	Bone cyst	MESH:D001845
HP:0000221	Furrowed tongue	MESH:D014063
HP:0000968	Ectodermal dysplasia	MESH:D004476
HP:0005505	Refractory anemia	MESH:D000753
HP:0000821	Hypothyroidism	MESH:D007037
HP:0006297	Hypoplasia of dental enamel	MESH:D003744
HP:0010769	Pilonidal sinus	MESH:D010864
HP:0002664	Neoplasm	MESH:D009369
HP:0001274	Agenesis of corpus callosum	MESH:D061085
HP:0000616	Miosis	MESH:D015877
HP:0100814	Blue nevus	MESH:D018329
HP:0010528	Prosopagnosia	MESH:D020238
HP:0002383	Encephalitis	MESH:D004660
HP:0000759	Abnormal peripheral nervous system morphology	MESH:D010523
HP:0001959	Polydipsia	MESH:D059606
HP:0100730	Bronchogenic cyst	MESH:D001994
HP:0003826	Stillbirth	MESH:D050497
HP:0001022	Albinism	MESH:D000417
HP:0100588	Paraphimosis	MESH:D010263
HP:0100608	Metrorrhagia	MESH:D008796
HP:0000126	Hydronephrosis	MESH:D006869
HP:0004395	Malnutrition	MESH:D044342
HP:0003298	Spina bifida occulta	MESH:D016136
HP:0003077	Hyperlipidemia	MESH:D006949
HP:0010891	Morbus Scheuermann	MESH:D012544
HP:0005543	Reduced protein C activity	MESH:D020151
HP:0000099	Glomerulonephritis	MESH:D005921
HP:0001742	Nasal obstruction	MESH:D015508
HP:0002013	Vomiting	MESH:D014839
HP:0000982	Palmoplantar keratoderma	MESH:D007645
HP:0001718	Mitral stenosis	MESH:D008946
HP:0004398	Peptic ulcer	MESH:D010437
HP:0000093	Proteinuria	MESH:D011507
HP:0012281	Chylous ascites	MESH:D002915
HP:0012393	Allergy	MESH:D006967
HP:0100634	Neuroendocrine neoplasm	MESH:D018278
HP:0001360	Holoprosencephaly	MESH:D016142
HP:0003419	Low back pain	MESH:D017116
HP:0004934	Vascular calcification	MESH:D061205
HP:0002243	Protein-losing enteropathy	MESH:D011504
HP:0012125	Prostate cancer	MESH:D011471
HP:0011850	Parotitis	MESH:D010309
HP:0012189	Hodgkin lymphoma	MESH:D006689
HP:0012032	Lipoma	MESH:D008067
HP:0000153	Abnormality of the mouth	MESH:D009056
HP:0002749	Osteomalacia	MESH:D010018
HP:0001943	Hypoglycemia	MESH:D007003
HP:0100544	Neoplasm of the heart	MESH:D006338
HP:0100844	Pancreatic fistula	MESH:D010185
HP:0000121	Nephrocalcinosis	MESH:D009397
HP:0002576	Intussusception	MESH:D007443
HP:0000510	Rod-cone dystrophy	MESH:D012174
HP:0200044	Porokeratosis	MESH:D017499
HP:0011763	Pituitary carcinoma	MESH:D010911
HP:0002066	Gait ataxia	MESH:D020234
HP:0002277	Horner syndrome	MESH:D006732
HP:0010828	Hemifacial spasm	MESH:D019569
HP:0100660	Dyskinesia	MESH:D020820
HP:0011958	Retinal perforation	MESH:D012167
HP:0000076	Vesicoureteral reflux	MESH:D014718
HP:0200040	Epidermoid cyst	MESH:D004814
HP:0011949	Acute infectious pneumonia	MESH:D011014
HP:0002203	Respiratory paralysis	MESH:D012133
HP:0000031	Epididymitis	MESH:D004823
HP:0002145	Frontotemporal dementia	MESH:D057180
HP:0100647	Graves disease	MESH:D006111
HP:0001651	Dextrocardia	MESH:D003914
HP:0012219	Erythema nodosum	MESH:D004893
HP:0001587	Primary ovarian failure	MESH:D016649
HP:0002326	Transient ischemic attack	MESH:D002546
HP:0007260	Type II lissencephaly	MESH:D054222
HP:0001382	Joint hypermobility	MESH:D007593
HP:0000796	Urethral obstruction	MESH:D014524
HP:0010736	Monostotic fibrous dysplasia	MESH:D005358
HP:0011703	Sinus tachycardia	MESH:D013616
HP:0003006	Neuroblastoma	MESH:D009447
HP:0001561	Polyhydramnios	MESH:D006831
HP:0002427	Motor aphasia	MESH:D001039
HP:0011903	Hemoglobin H	MESH:D006447
HP:0000964	Eczema	MESH:D004485
HP:0001682	Subaortic stenosis	MESH:D001020
HP:0100845	Anaphylactic shock	MESH:D000707
HP:0012396	Biliary dyskinesia	MESH:D001657
HP:0006562	Viral hepatitis	MESH:D006525
HP:0009916	Anisocoria	MESH:D015875
HP:0002591	Polyphagia	MESH:D006963
HP:0004315	IgG deficiency	MESH:D017099
HP:0000581	Blepharophimosis	MESH:D016569
HP:0008080	Hallux varus	MESH:D050488
HP:0100751	Esophageal neoplasm	MESH:D004938
HP:0001872	Abnormality of thrombocytes	MESH:D013915
HP:0100646	Thyroiditis	MESH:D013966
HP:0004936	Venous thrombosis	MESH:D020246
HP:0003774	Stage 5 chronic kidney disease	MESH:D007676
HP:0011090	Fused teeth	MESH:D005671
HP:0009734	Optic glioma	MESH:D020339
HP:0001681	Angina pectoris	MESH:D000787
HP:0012074	Tonic pupil	MESH:D015845
HP:0001374	Congenital hip dislocation	MESH:D006618
HP:0011947	Respiratory tract infection	MESH:D012141
HP:0100658	Cellulitis	MESH:D002481
HP:0001978	Extramedullary hematopoiesis	MESH:D006411
HP:0002036	Hiatus hernia	MESH:D006551
HP:0011841	Ventricular flutter	MESH:D054141
HP:0007957	Corneal opacity	MESH:D003318
HP:0003416	Spinal canal stenosis	MESH:D013130
HP:0004326	Cachexia	MESH:D002100
HP:0008326	Vitamin B6 deficiency	MESH:D026681
HP:0001789	Hydrops fetalis	MESH:D015160
HP:0000034	Hydrocele testis	MESH:D006848
HP:0002634	Arteriosclerosis	MESH:D001161
HP:0001639	Hypertrophic cardiomyopathy	MESH:D002312
HP:0001259	Coma	MESH:D003128
HP:0002138	Subarachnoid hemorrhage	MESH:D013345
HP:0009797	Cholesteatoma	MESH:D002781
HP:0000509	Conjunctivitis	MESH:D003231
HP:0012763	Paroxysmal dyspnea	MESH:D004418
HP:0001626	Abnormality of the cardiovascular system	MESH:D018376
HP:0012166	Skin-picking	MESH:D014256
HP:0001822	Hallux valgus	MESH:D006215
HP:0001156	Brachydactyly syndrome	MESH:D059327
HP:0000643	Blepharospasm	MESH:D001764
HP:0004944	Cerebral aneurysm	MESH:D002532
HP:0005531	Biphenotypic acute leukaemia	MESH:D015456
HP:0011331	Hemifacial atrophy	MESH:D005150
HP:0005743	Avascular necrosis of the capital femoral epiphysis	MESH:D007873
HP:0001663	Ventricular fibrillation	MESH:D014693
HP:0000039	Epispadias	MESH:D004842
HP:0004469	Chronic bronchitis	MESH:D029481
HP:0011750	Neoplasm of the anterior pituitary	MESH:D010911
HP:0002249	Melena	MESH:D008551
HP:0010762	Chordoma	MESH:D002817
HP:0000508	Ptosis	MESH:D001763
HP:0002608	Celiac disease	MESH:D002446
HP:0000490	Deeply set eye	MESH:D015841
HP:0001055	Erysipelas	MESH:D004886
HP:0009919	Retinoblastoma	MESH:D012175
HP:0001254	Lethargy	MESH:D053609
HP:0012652	Exercise-induced asthma	MESH:D001250
HP:0010280	Stomatitis	MESH:D013280
HP:0005263	Gastritis	MESH:D005756
HP:0003674	Onset	MESH:D017668
HP:0000252	Microcephaly	MESH:D008831
HP:0100620	Germinoma	MESH:D018237
HP:0000602	Ophthalmoplegia	MESH:D009886
HP:0100727	Histiocytosis	MESH:D015614
HP:0002251	Aganglionic megacolon	MESH:D006627
HP:0000154	Wide mouth	MESH:D008265
HP:0002583	Colitis	MESH:D003092
HP:0005523	Lymphoproliferative disorder	MESH:D008232
HP:0006970	Periventricular leukomalacia	MESH:D007969
HP:0001946	Ketosis	MESH:D007662
HP:0100753	Schizophrenia	MESH:D012559
HP:0001601	Laryngomalacia	MESH:D055092
HP:0000476	Cystic hygroma	MESH:D018191
HP:0011847	Giant cell tumor of bone	MESH:D018212
HP:0000579	Nasolacrimal duct obstruction	MESH:D007767
HP:0010780	Hyperacusis	MESH:D012001
HP:0002524	Cataplexy	MESH:D002385
HP:0007302	Bipolar affective disorder	MESH:D001714
HP:0005912	Biliary atresia	MESH:D001656
HP:0011419	Placental abruption	MESH:D000037
HP:0012159	Internal carotid artery dissection	MESH:D020215
HP:0001426	Multifactorial inheritance	MESH:D020412
HP:0009592	Astrocytoma	MESH:D001254
HP:0100576	Amaurosis fugax	MESH:D020757
HP:0011110	Tonsillitis	MESH:D014069
HP:0001014	Angiokeratoma	MESH:D000794
HP:0011002	Osteopetrosis	MESH:D010022
HP:0001974	Leukocytosis	MESH:D007964
HP:0001305	Dandy-Walker malformation	MESH:D003616
HP:0100628	Esophageal diverticulum	MESH:D004936
HP:0002900	Hypokalemia	MESH:D007008
HP:0000646	Amblyopia	MESH:D000550
HP:0007209	Facial paralysis	MESH:D005158
HP:0001678	Atrioventricular block	MESH:D054537
HP:0001923	Reticulocytosis	MESH:D045262
HP:0003074	Hyperglycemia	MESH:D006943
HP:0000662	Nyctalopia	MESH:D009755
HP:0007435	Diffuse palmoplantar keratoderma	MESH:D015776
HP:0010450	Esophageal stenosis	MESH:D004940
HP:0012768	Neonatal asphyxia	MESH:D001238
HP:0010606	Hordeolum	MESH:D006726
HP:0002791	Hypoventilation	MESH:D007040
HP:0100806	Sepsis	MESH:D018805
HP:0001537	Umbilical hernia	MESH:D006554
HP:0003743	Genetic anticipation	MESH:D020132
HP:0011106	Hypovolemia	MESH:D020896
HP:0001276	Hypertonia	MESH:D009122
HP:0100013	Neoplasm of the breast	MESH:D001943
HP:0000589	Coloboma	MESH:D003103
HP:0012316	Fibrous tissue neoplasm	MESH:D018218
HP:0002021	Pyloric stenosis	MESH:D011707
HP:0012118	Laryngeal carcinoma	MESH:D007822
HP:0002156	Homocystinuria	MESH:D006712
HP:0000498	Blepharitis	MESH:D001762
HP:0000741	Apathy	MESH:D057565
HP:0001948	Alkalosis	MESH:D000471
HP:0012103	Abnormality of the mitochondrion	MESH:D028361
HP:0004418	Thrombophlebitis	MESH:D013924
HP:0000483	Astigmatism	MESH:D001251
HP:0001927	Acanthocytosis	MESH:D000050
HP:0011001	Increased bone mineral density	MESH:D010026
HP:0000999	Pyoderma	MESH:D011711
HP:0003307	Hyperlordosis	MESH:D008141
HP:0000833	Glucose intolerance	MESH:D018149
HP:0000989	Pruritus	MESH:D011537
HP:0100598	Pulmonary edema	MESH:D011654
HP:0011886	Hyphema	MESH:D006988
HP:0006785	Limb-girdle muscular dystrophy	MESH:D049288
HP:0004841	Reduced factor XII activity	MESH:D005175
HP:0005318	Cerebral vasculitis	MESH:D020293
HP:0100819	Intestinal fistula	MESH:D007412
HP:0000668	Hypodontia	MESH:D000848
HP:0001650	Aortic valve stenosis	MESH:D001024
HP:0007417	Discoid lupus erythematosus	MESH:D008179
HP:0002633	Vasculitis	MESH:D014657
HP:0012317	Sacroiliac arthritis	MESH:C563037
HP:0003394	Muscle cramps	MESH:D009120
HP:0001397	Hepatic steatosis	MESH:D005234
HP:0000859	Hyperaldosteronism	MESH:D006929
HP:0100661	Trigeminal neuralgia	MESH:D014277
HP:0000453	Choanal atresia	MESH:D002754
HP:0008419	Intervertebral disc degeneration	MESH:D055959
HP:0100256	Senile plaques	MESH:D058225
HP:0100590	Rectal fistula	MESH:D012003
HP:0002063	Rigidity	MESH:D009127
HP:0002044	Zollinger-Ellison syndrome	MESH:D015043
HP:0002691	Platybasia	MESH:D010985
HP:0003418	Back pain	MESH:D001416
HP:0001596	Alopecia	MESH:D000505
HP:0001250	Seizures	MESH:D012640
HP:0011885	Hemorrhage of the eye	MESH:D005130
HP:0002863	Myelodysplasia	MESH:D009190
HP:0000256	Macrocephaly	MESH:D058627
HP:0011946	Bronchiolitis obliterans	MESH:D001989
HP:0011782	Thyroid crisis	MESH:D013958
HP:0002836	Bladder exstrophy	MESH:D001746
HP:0004432	Agammaglobulinemia	MESH:D000361
HP:0010886	Osteochondritis Dissecans	MESH:D010008
HP:0002301	Hemiplegia	MESH:D006429
HP:0010529	Echolalia	MESH:D004454
HP:0006780	Parathyroid carcinoma	MESH:D010282
HP:0003072	Hypercalcemia	MESH:D006934
HP:0001944	Dehydration	MESH:D003681
HP:0011952	Acute aspiration pneumonia	MESH:D011015
HP:0009588	Vestibular Schwannoma	MESH:D009464
HP:0002617	Aneurysm	MESH:D000783
HP:0000870	Prolactin excess	MESH:D006966
HP:0002613	Biliary cirrhosis	MESH:D008105
HP:0100796	Orchitis	MESH:D009920
HP:0001586	Vesicovaginal fistula	MESH:D014719
HP:0100702	Arachnoid cyst	MESH:D016080
HP:0000829	Hypoparathyroidism	MESH:D007011
HP:0000845	Growth hormone excess	MESH:D000172
HP:0002133	Status epilepticus	MESH:D013226
HP:0000520	Proptosis	MESH:D005094
HP:0011675	Arrhythmia	MESH:D001145
HP:0005200	Retroperitoneal fibrosis	MESH:D012185
HP:0012732	Anorectal anomaly	MESH:C567938
HP:0006767	Pituitary prolactin cell adenoma	MESH:D015175
HP:0004439	Craniofacial dysostosis	MESH:D003394
HP:0008242	Pseudohypoaldosteronism	MESH:D011546
HP:0009800	Maternal diabetes	MESH:D016640
HP:0007968	Remnants of the hyaloid vascular system	MESH:D054514
HP:0005584	Renal cell carcinoma	MESH:D002292
HP:0004756	Ventricular tachycardia	MESH:D017180
HP:0001901	Polycythemia	MESH:D011086
HP:0002933	Ventral hernia	MESH:D006555
HP:0100522	Thymoma	MESH:D013945
HP:0001890	Autoimmune hemolytic anemia	MESH:D000744
HP:0012126	Stomach cancer	MESH:D013274
HP:0001332	Dystonia	MESH:D004421
HP:0002308	Arnold-Chiari malformation	MESH:D001139
HP:0000020	Urinary incontinence	MESH:D014549
HP:0000704	Periodontitis	MESH:D010518
HP:0000995	Melanocytic nevus	MESH:D009508
HP:0000789	Infertility	MESH:D007246
HP:0010536	Central sleep apnea	MESH:D020182
HP:0007902	Vitreous hemorrhage	MESH:D014823
HP:0008207	Primary adrenal insufficiency	MESH:D000224
HP:0000347	Micrognathia	MESH:D008844
HP:0005973	Fructose intolerance	MESH:D005633
HP:0012288	Neoplasm of head and neck	MESH:D006258
HP:0002083	Migraine without aura	MESH:D020326
HP:0002475	Myelomeningocele	MESH:D008591
HP:0012042	Aspirin-induced asthma	MESH:D055963
HP:0100651	Type I diabetes mellitus	MESH:D003922
HP:0007215	Periodic hyperkalemic paralysis	MESH:D020513
HP:0001653	Mitral regurgitation	MESH:D008944
HP:0003493	Antinuclear antibody positivity	MESH:D000974
HP:0003761	Calcinosis	MESH:D002114
HP:0001128	Trichiasis	MESH:D058457
HP:0009110	Diaphragmatic eventration	MESH:D003965
HP:0100787	Prostate neoplasm	MESH:D011471
HP:0000541	Retinal detachment	MESH:D012163
HP:0006530	Interstitial pulmonary disease	MESH:D017563
HP:0000113	Polycystic kidney dysplasia	MESH:D007690
HP:0003202	Skeletal muscle atrophy	MESH:D009133
HP:0002748	Rickets	MESH:D012279
HP:0001048	Cavernous hemangioma	MESH:D006392
HP:0000608	Macular degeneration	MESH:D008268
HP:0100495	Mastocytosis	MESH:D008415
HP:0000872	Hashimoto thyroiditis	MESH:D050031
HP:0011100	Intestinal atresia	MESH:D007409
HP:0005321	Mandibulofacial dysostosis	MESH:D008342
HP:0012417	Hypocapnia	MESH:D016857
HP:0001737	Pancreatic cysts	MESH:D010181
HP:0004320	Vaginal fistula	MESH:D014624
HP:0000135	Hypogonadism	MESH:D007006
HP:0001971	Hypersplenism	MESH:D006971
HP:0000966	Hypohidrosis	MESH:D007007
HP:0100758	Gangrene	MESH:D005734
HP:0000726	Dementia	MESH:D003704
HP:0100843	Glioblastoma	MESH:D005909
HP:0100033	Tics	MESH:D020323
HP:0002090	Pneumonia	MESH:D011014
HP:0009733	Glioma	MESH:D005910
HP:0002381	Aphasia	MESH:D001037
HP:0001997	Gout	MESH:D006073
HP:0005086	Knee osteoarthritis	MESH:D020370
HP:0008181	Abetalipoproteinemia	MESH:D000012
HP:0006747	Ganglioneuroblastoma	MESH:D018305
HP:0000388	Otitis media	MESH:D010033
HP:0000938	Osteopenia	MESH:D001851
HP:0003304	Spondylolysis	MESH:D013169
HP:0100645	Cystocele	MESH:D052858
HP:0012077	Histrionic personality disorder	MESH:D006677
HP:0000158	Macroglossia	MESH:D008260
HP:0000103	Polyuria	MESH:D011141
HP:0000501	Glaucoma	MESH:D005901
HP:0001698	Pericardial effusion	MESH:D010490
HP:0001343	Kernicterus	MESH:D007647
HP:0002961	Dysgammaglobulinemia	MESH:D004406
HP:0009831	Mononeuropathy	MESH:D020422
HP:0006518	Pulmonary venous occlusion	MESH:D011668
HP:0006772	Renal angiomyolipoma	MESH:D018207
HP:0000842	Hyperinsulinemia	MESH:D006946
HP:0001660	Truncus arteriosus	MESH:D014338
HP:0001036	Parakeratosis	MESH:D010241
HP:0002094	Dyspnea	MESH:D004417
HP:0001635	Congestive heart failure	MESH:D006333
HP:0000100	Nephrotic syndrome	MESH:D009404
HP:0003251	Male infertility	MESH:D007248
HP:0002586	Peritonitis	MESH:D010538
HP:0002948	Vertebral fusion	MESH:D013123
HP:0001095	Hypertensive retinopathy	MESH:D058437
HP:0003001	Glomus jugular tumor	MESH:D005925
HP:0100653	Optic neuritis	MESH:D009902
HP:0000771	Gynecomastia	MESH:D006177
HP:0000670	Carious teeth	MESH:D003731
HP:0001947	Renal tubular acidosis	MESH:D000141
HP:0100315	Lewy bodies	MESH:D016631
HP:0000934	Chondrocalcinosis	MESH:D002805
HP:0000739	Anxiety	MESH:D001007
HP:0003487	Babinski sign	MESH:D001405
HP:0002097	Emphysema	MESH:D004646
HP:0001876	Pancytopenia	MESH:D010198
HP:0100582	Nasal polyposis	MESH:D009298
HP:0000738	Hallucinations	MESH:D006212
HP:0002032	Esophageal atresia	MESH:D004933
HP:0002621	Atherosclerosis	MESH:D050197
HP:0001659	Aortic regurgitation	MESH:D001022
HP:0004808	Acute myeloid leukemia	MESH:D015470
HP:0001924	Sideroblastic anemia	MESH:D000756
HP:0000143	Rectovaginal fistula	MESH:D012006
HP:0001762	Talipes equinovarus	MESH:D003025
HP:0000175	Cleft palate	MESH:D002972
HP:0001889	Megaloblastic anemia	MESH:D000749
HP:0001738	Exocrine pancreatic insufficiency	MESH:D010188
HP:0002588	Duodenal ulcer	MESH:D004381
HP:0000621	Entropion	MESH:D004774
HP:0001010	Hypopigmentation of the skin	MESH:D017496
HP:0012390	Anal fissure	MESH:D005401
HP:0004820	Acute myelomonocytic leukemia	MESH:D015479
HP:0011069	Increased number of teeth	MESH:D014096
HP:0100739	Bulimia	MESH:D002032
HP:0002905	Hyperphosphatemia	MESH:D054559
HP:0001028	Hemangioma	MESH:D006391
HP:0001765	Hammertoe	MESH:D037801
HP:0001084	Corneal arcus	MESH:D001112
HP:0002667	Nephroblastoma	MESH:D009396
HP:0004855	Reduced protein S activity	MESH:D018455
HP:0001083	Ectopia lentis	MESH:D004479
HP:0000742	Self-mutilation	MESH:D012652
HP:0003265	Neonatal hyperbilirubinemia	MESH:D051556
HP:0001677	Coronary artery disease	MESH:D003324
HP:0010514	Hyperpituitarism	MESH:D006964
HP:0001701	Pericarditis	MESH:D010493
HP:0002161	Hyperlysinemia	MESH:D020167
HP:0001915	Aplastic anemia	MESH:D000741
HP:0005972	Respiratory acidosis	MESH:D000142
HP:0005261	Joint hemorrhage	MESH:D006395
HP:0001489	Posterior vitreous detachment	MESH:D020255
HP:0010535	Sleep apnea	MESH:D012891
HP:0000119	Abnormality of the genitourinary system	MESH:D014564
HP:0000705	Amelogenesis imperfecta	MESH:D000567
HP:0009927	Aplasia of the nose	MESH:C537438
HP:0001402	Hepatocellular carcinoma	MESH:D006528
HP:0100615	Ovarian neoplasm	MESH:D010051
HP:0004749	Atrial flutter	MESH:D001282
HP:0000863	Central diabetes insipidus	MESH:D020790
HP:0001252	Muscular hypotonia	MESH:D009123
HP:0001909	Leukemia	MESH:D007938
HP:0011951	Aspiration pneumonia	MESH:D011015
HP:0100029	Lingual thyroid	MESH:D046151
HP:0010677	Enuresis nocturna	MESH:D053206
HP:0001081	Cholelithiasis	MESH:D002769
HP:0012197	Insulinoma	MESH:D007340
HP:0001878	Hemolytic anemia	MESH:D000743
HP:0002486	Myotonia	MESH:D009222
HP:0006934	Congenital nystagmus	MESH:D020417
HP:0002072	Chorea	MESH:D002819
HP:0002018	Nausea	MESH:D009325
HP:0000365	Hearing impairment	MESH:D003638
HP:0004319	Hypoaldosteronism	MESH:D006994
HP:0012223	Splenic rupture	MESH:D013161
HP:0000565	Esotropia	MESH:D004948
HP:0001669	Transposition of the great arteries	MESH:D014188
HP:0012784	Perinephritis	MESH:D010501
HP:0001649	Tachycardia	MESH:D013610
HP:0008291	Pituitary corticotropic cell adenoma	MESH:D049913
HP:0005575	Hemolytic-uremic syndrome	MESH:D006463
HP:0004438	Hyperostosis frontalis interna	MESH:D006957
HP:0000405	Conductive hearing impairment	MESH:D006314
HP:0011662	Tricuspid atresia	MESH:D018785
HP:0012876	Premature ejaculation	MESH:D061686
HP:0001699	Sudden death	MESH:D003645
HP:0006689	Bacterial endocarditis	MESH:D004697
HP:0000546	Retinal degeneration	MESH:D012162
HP:0004789	Lactose intolerance	MESH:D007787
HP:0000998	Hypertrichosis	MESH:D006983
HP:0010442	Polydactyly	MESH:D017689
HP:0003470	Paralysis	MESH:D010243
HP:0004976	Knee dislocation	MESH:D031221
HP:0001824	Weight loss	MESH:D015431
HP:0002253	Colonic diverticula	MESH:D043963
HP:0001657	Prolonged QT interval	MESH:D008133
HP:0000577	Exotropia	MESH:D005099
HP:0100244	Fibrosarcoma	MESH:D005354
HP:0001903	Anemia	MESH:D000740
HP:0004309	Ventricular preexcitation	MESH:D011226
HP:0012416	Hypercapnia	MESH:D006935
HP:0011094	Overbite	MESH:D057887
HP:0001051	Seborrheic dermatitis	MESH:D012628
HP:0002639	Budd-Chiari syndrome	MESH:D006502
HP:0001047	Atopic dermatitis	MESH:D003876
HP:0100523	Liver abscess	MESH:D008100
HP:0001953	Diabetic ketoacidosis	MESH:D016883
HP:0010960	Bronchopulmonary sequestration	MESH:D001998
HP:0005978	Type II diabetes mellitus	MESH:D003924
HP:0002780	Bronchomalacia	MESH:D055091
HP:0010605	Chalazion	MESH:D017043
HP:0002100	Recurrent aspiration pneumonia	MESH:D011015
HP:0010784	Uterine neoplasm	MESH:D014594
HP:0012268	Myxoid liposarcoma	MESH:D018208
HP:0001101	Iritis	MESH:D007500
HP:0011974	Myelofibrosis	MESH:D055728
HP:0010807	Open bite	MESH:D024343
HP:0002901	Hypocalcemia	MESH:D006996
HP:0011846	Osteoblastoma	MESH:D018215
HP:0010788	Testicular neoplasm	MESH:D013736
HP:0000939	Osteoporosis	MESH:D010024
HP:0011868	Sciatica	MESH:D012585
HP:0001357	Plagiocephaly	MESH:D059041
HP:0009725	Bladder neoplasm	MESH:D001749
HP:0000003	Multicystic kidney dysplasia	MESH:D021782
HP:0002668	Paraganglioma	MESH:D010235
HP:0000674	Anodontia	MESH:D000848
HP:0005547	Myeloproliferative disorder	MESH:D009196
HP:0100279	Ulcerative colitis	MESH:D003093
HP:0003128	Lactic acidosis	MESH:D000140
HP:0005560	Imbalanced hemoglobin synthesis	MESH:D013789
HP:0000155	Oral ulcer	MESH:D019226
HP:0100962	Shyness	MESH:D012792
HP:0012668	Vasovagal syncope	MESH:D019462
HP:0010799	Pinealoma	MESH:D010871
HP:0000554	Uveitis	MESH:D014605
HP:0000722	Obsessive-compulsive behavior	MESH:D009771
HP:0000820	Abnormality of the thyroid gland	MESH:D013959
HP:0100812	Halitosis	MESH:D006209
HP:0001662	Bradycardia	MESH:D001919
HP:0012410	Pure red cell aplasia	MESH:D012010
HP:0001543	Gastroschisis	MESH:D020139
HP:0001007	Hirsutism	MESH:D006628
HP:0001941	Acidosis	MESH:D000138
HP:0003737	Mitochondrial myopathy	MESH:D017240
HP:0000651	Diplopia	MESH:D004172
HP:0002777	Tracheal stenosis	MESH:D014135
HP:0002150	Hypercalciuria	MESH:D053565
HP:0005864	Pseudoarthrosis	MESH:D011542
HP:0002542	Olivopontocerebellar atrophy	MESH:D009849
HP:0002883	Hyperventilation	MESH:D006985
HP:0002435	Meningocele	MESH:D008588
HP:0006000	Ureteral obstruction	MESH:D014517
HP:0009732	Plexiform neurofibroma	MESH:D018318
HP:0011665	Takotsubo cardiomyopathy	MESH:D054549
HP:0003641	Hemoglobinuria	MESH:D006456
HP:0001271	Polyneuropathy	MESH:D011115
HP:0002480	Hepatic encephalopathy	MESH:D006501
HP:0002229	Alopecia areata	MESH:D000506
HP:0000618	Blindness	MESH:D001766
HP:0100825	Cheilitis	MESH:D002613
HP:0002797	Osteolysis	MESH:D010014
HP:0100243	Leiomyosarcoma	MESH:D007890
HP:0000973	Cutis laxa	MESH:D003483
HP:0001640	Cardiomegaly	MESH:D006332
HP:0002827	Hip dislocation	MESH:D006617
HP:0003560	Muscular dystrophy	MESH:D009136
HP:0000518	Cataract	MESH:D002386
HP:0005994	Nodular goiter	MESH:D006044
HP:0002245	Meckel diverticulum	MESH:D008467
HP:0010524	Agnosia	MESH:D000377
HP:0100633	Esophagitis	MESH:D004941
HP:0000613	Photophobia	MESH:D020795
HP:0001508	Failure to thrive	MESH:D005183
HP:0001638	Cardiomyopathy	MESH:D009202
HP:0002857	Genu valgum	MESH:D056304
HP:0001741	Phimosis	MESH:D010688
HP:0010739	Osteopoikilosis	MESH:D010023
HP:0002858	Meningioma	MESH:D008579
HP:0100827	Lymphocytosis	MESH:D008218
HP:0001744	Splenomegaly	MESH:D013163
HP:0000699	Diastema	MESH:D003970
HP:0000679	Taurodontia	MESH:C536946
HP:0002105	Hemoptysis	MESH:D006469
HP:0001880	Eosinophilia	MESH:D004802
HP:0006536	Obstructive lung disease	MESH:D008173
HP:0001695	Cardiac arrest	MESH:D006323
HP:0001644	Dilated cardiomyopathy	MESH:D002311
HP:0002099	Asthma	MESH:D001249
HP:0100526	Neoplasm of the lung	MESH:D008175
HP:0000756	Agoraphobia	MESH:D000379
HP:0100822	Rectocele	MESH:D020047
HP:0012720	Neoplasm of the nose	MESH:D009669
HP:0100519	Anuria	MESH:D001002
HP:0003131	Cystinuria	MESH:D003555
HP:0001654	Abnormality of the heart valves	MESH:D006349
HP:0100026	Arteriovenous malformation	MESH:D001165
HP:0000575	Scotoma	MESH:D012607
HP:0000491	Keratitis	MESH:D007634
HP:0012151	Hemothorax	MESH:D006491
HP:0001371	Flexion contracture	MESH:D003286
HP:0001287	Meningitis	MESH:D008581
HP:0000718	Aggressive behavior	MESH:D000374
HP:0011999	Paranoia	MESH:D010259
HP:0011034	Amyloidosis	MESH:D000686
HP:0006775	Multiple myeloma	MESH:D009101
HP:0000324	Facial asymmetry	MESH:D005146
HP:0010550	Paraplegia	MESH:D010264
HP:0010992	Stress urinary incontinence	MESH:D014550
HP:0009792	Teratoma	MESH:D013724
HP:0000220	Velopharyngeal insufficiency	MESH:D014681
HP:0011716	Junctional ectopic tachycardia	MESH:D013613
HP:0001388	Joint laxity	MESH:D007593
HP:0000733	Stereotypic behavior	MESH:D013239
HP:0000540	Hypermetropia	MESH:D006956
HP:0000956	Acanthosis nigricans	MESH:D000052
HP:0011704	Sick sinus syndrome	MESH:D012804
HP:0001094	Iridocyclitis	MESH:D015863
HP:0011499	Mydriasis	MESH:D015878
HP:0012254	Ewing&apos;s sarcoma	MESH:D012512
HP:0012486	Myelitis	MESH:D009187
HP:0002045	Hypothermia	MESH:D007035
HP:0000083	Renal insufficiency	MESH:D051437
HP:0002076	Migraine	MESH:D008881
HP:0003834	Shoulder dislocation	MESH:D012783
HP:0012798	Pulmonary lymphangiomyomatosis	MESH:D018192
HP:0100750	Atelectasis	MESH:D001261
HP:0002321	Vertigo	MESH:D014717
HP:0001987	Hyperammonemia	MESH:D022124
HP:0012419	Hyperoxemia	MESH:Hyperoxia
HP:0007011	Fourth cranial nerve palsy	MESH:D020432
HP:0008551	Microtia	MESH:C537772
HP:0003396	Syringomyelia	MESH:D013595
HP:0001139	Choroideremia	MESH:D015794
HP:0001297	Stroke	MESH:D020521
HP:0002313	Spastic paraparesis	MESH:D020336
HP:0002563	Constrictive pericarditis	MESH:D010494
HP:0001009	Telangiectasia	MESH:D013684
HP:0010614	Fibroma	MESH:D005350
HP:0012190	T-cell lymphoma	MESH:D016399
HP:0002728	Chronic mucocutaneous candidiasis	MESH:D002178
HP:0004912	Hypophosphatemic rickets	MESH:D053098
HP:0005521	Disseminated intravascular coagulation	MESH:D004211
HP:0009741	Nephrosclerosis	MESH:D009400
HP:0000139	Uterine prolapse	MESH:D014596
HP:0005293	Venous insufficiency	MESH:D014689
HP:0002149	Hyperuricemia	MESH:D033461
HP:0012196	Cheyne-Stokes respiration	MESH:D002639
HP:0000573	Retinal hemorrhage	MESH:D012166
HP:0007024	Pseudobulbar paralysis	MESH:D020828
HP:0012089	Arteritis	MESH:D001167
HP:0000819	Diabetes mellitus	MESH:D003920
HP:0008288	Nonketotic hyperglycinemia	MESH:D020158
HP:0005206	Pancreatic pseudocyst	MESH:D010192
HP:0010301	Spinal dysraphism	MESH:D016135
HP:0011088	Dens in dente	MESH:D003719
HP:0003073	Hypoalbuminemia	MESH:D034141
HP:0011986	Ectopic ossification	MESH:D009999
HP:0100769	Synovitis	MESH:D013585
HP:0004905	Vitamin A deficiency	MESH:D014802
HP:0003231	Hypertyrosinemia	MESH:D020176
HP:0011710	Bundle branch block	MESH:D002037
HP:0002157	Azotemia	MESH:D053099
HP:0001763	Pes planus	MESH:D005413
HP:0006685	Endocardial fibrosis	MESH:D004719
HP:0000169	Gingival fibromatosis	MESH:D005351
HP:0000979	Purpura	MESH:D011693
HP:0000656	Ectropion	MESH:D004483
HP:0003401	Paresthesia	MESH:D010292
HP:0009920	Nevus of Ota	MESH:D009507
HP:0001004	Lymphedema	MESH:D008209
HP:0100008	Schwannoma	MESH:D009442
HP:0002092	Pulmonary hypertension	MESH:D006976
HP:0003453	Antineutrophil antibody positivity	MESH:D019268
HP:0004387	Enterocolitis	MESH:D004760
HP:0002923	Rheumatoid factor positive	MESH:D012217
HP:0004942	Aortic aneurysm	MESH:D001014
HP:0012289	Facial neoplasm	MESH:D005153
HP:0002107	Pneumothorax	MESH:D011030
HP:0000141	Amenorrhea	MESH:D000568
HP:0012399	Pressure ulcer	MESH:D003668
HP:0012570	Synovial sarcoma	MESH:D013584
HP:0006688	Paroxysmal tachycardia	MESH:D013614
HP:0006315	Single median maxillary incisor	MESH:C537342
HP:0003765	Psoriasis	MESH:D011565
HP:0010615	Angiofibromas	MESH:D018322
HP:0002093	Respiratory insufficiency	MESH:D012131
HP:0001399	Hepatic failure	MESH:D017093
HP:0006554	Acute hepatic failure	MESH:D017114
HP:0000846	Adrenal insufficiency	MESH:D000309
HP:0010562	Keloids	MESH:D007627
HP:0012181	Entrapment neuropathy	MESH:D009408
HP:0012426	Optic disc drusen	MESH:D015594
HP:0100716	Self-injurious behavior	MESH:D016728
HP:0001643	Patent ductus arteriosus	MESH:D004374
HP:0001891	Iron deficiency anemia	MESH:D018798
HP:0001279	Syncope	MESH:D013575
HP:0001278	Orthostatic hypotension	MESH:D007024
HP:0001664	Torsade de pointes	MESH:D016171
HP:0001972	Macrocytic anemia	MESH:D000748
HP:0002206	Pulmonary fibrosis	MESH:D011658
HP:0001818	Paronychia	MESH:D010304
HP:0001085	Papilledema	MESH:D010211
HP:0003763	Bruxism	MESH:D002012
HP:0002578	Gastroparesis	MESH:D018589
HP:0006744	Adrenocortical carcinoma	MESH:D018268
HP:0100612	Odontogenic neoplasm	MESH:D009808
HP:0000362	Otosclerosis	MESH:D010040
HP:0001950	Respiratory alkalosis	MESH:D000472
HP:0000230	Gingivitis	MESH:D005891
HP:0002487	Hyperkinesis	MESH:D006948
HP:0002725	Systemic lupus erythematosus	MESH:D008180
HP:0002323	Anencephaly	MESH:D000757
HP:0002592	Gastric ulcer	MESH:D013276
HP:0001680	Coarctation of aorta	MESH:D001017
HP:0005681	Juvenile rheumatoid arthritis	MESH:D001171
HP:0004381	Supravalvular aortic stenosis	MESH:D021921
HP:0012154	Anhedonia	MESH:D059445
HP:0007973	Retinal dysplasia	MESH:D015792
HP:0012490	Panniculitis	MESH:D015434
HP:0006733	Acute megakaryocytic leukemia	MESH:D007947
HP:0002754	Osteomyelitis	MESH:D010019
HP:0000822	Hypertension	MESH:D006973
HP:0012191	B-cell lymphoma	MESH:D016393
HP:0002375	Hypokinesia	MESH:D018476
HP:0010310	Chylothorax	MESH:D002916
HP:0012192	Cutaneous T-cell lymphoma	MESH:D016410
HP:0000957	Cafe-au-lait spot	MESH:D019080
HP:0002808	Kyphosis	MESH:D007738
HP:0000695	Natal tooth	MESH:D009306
HP:0001608	Abnormality of the voice	MESH:D014831
HP:0100724	Hypercoagulability	MESH:D019851
HP:0000840	Adrenogenital syndrome	MESH:D047808
HP:0011834	Moyamoya phenomenon	MESH:D009072
HP:0002999	Patellar dislocation	MESH:D031222
HP:0003302	Spondylolisthesis	MESH:D013168
HP:0000853	Goiter	MESH:D006042
HP:0002373	Febrile seizures	MESH:D003294
HP:0001623	Breech presentation	MESH:D001946
HP:0001394	Cirrhosis	MESH:D008103
HP:0100607	Dysmenorrhea	MESH:D004412
HP:0001195	Single umbilical artery	MESH:D058529
HP:0002181	Cerebral edema	MESH:D001929
HP:0003613	Antiphospholipid antibody positivity	MESH:D017152
HP:0004299	Hernia of the abdominal wall	MESH:D046449
HP:0100583	Corneal perforation	MESH:D057112
HP:0001634	Mitral valve prolapse	MESH:D008945
HP:0004377	Hematological neoplasm	MESH:D019337
HP:0000703	Dentinogenesis imperfecta	MESH:D003811
HP:0011079	Impacted tooth	MESH:D014095
HP:0100601	Eclampsia	MESH:D004461
HP:0005214	Intestinal obstruction	MESH:D007415
HP:0010302	Spinal cord tumor	MESH:D013120
HP:0100817	Renovascular hypertension	MESH:D006978
HP:0002176	Spinal cord compression	MESH:D013117
HP:0000826	Precocious puberty	MESH:D011629
HP:0001513	Obesity	MESH:D009765
HP:0002789	Tachypnea	MESH:D059246
HP:0001875	Neutropenia	MESH:D009503
HP:0002269	Abnormality of neuronal migration	MESH:D054081
HP:0012075	Personality disorder	MESH:D010554
HP:0008256	Adrenocortical adenoma	MESH:D018246
HP:0100764	Lymphangioma	MESH:D008202
HP:0001597	Abnormality of the nail	MESH:D009260
HP:0100790	Hernia	MESH:D006547
HP:0012735	Cough	MESH:D003371
HP:0002408	Cerebral arteriovenous malformation	MESH:D002538
HP:0006779	Alveolar rhabdomyosarcoma	MESH:D018232
HP:0000855	Insulin resistance	MESH:D007333
HP:0100723	Gastrointestinal stroma tumor	MESH:D046152
HP:0000138	Ovarian cyst	MESH:D010048
HP:0100532	Scleritis	MESH:D015423
HP:0002669	Osteosarcoma	MESH:D012516
HP:0001406	Intrahepatic cholestasis	MESH:D002780
HP:0011068	Odontoma	MESH:D009810
HP:0003124	Hypercholesterolemia	MESH:D006937
HP:0000839	Pituitary dwarfism	MESH:D004393
HP:0001337	Tremor	MESH:D014202
HP:0100584	Endocarditis	MESH:D004696
HP:0001096	Keratoconjunctivitis	MESH:D007637
HP:0001324	Muscle weakness	MESH:D018908
HP:0000980	Pallor	MESH:D010167
HP:0012315	Histiocytoma	MESH:D051642
HP:0001336	Myoclonus	MESH:D009207
HP:0000023	Inguinal hernia	MESH:D006552
HP:0000047	Hypospadias	MESH:D007021
HP:0000793	Membranoproliferative glomerulonephritis	MESH:D015432
HP:0004417	Intermittent claudication	MESH:D007383
HP:0000201	Pierre-Robin sequence	MESH:D010855
HP:0004935	Pulmonary artery atresia	MESH:D018633
HP:0000217	Xerostomia	MESH:D014987
HP:0001704	Tricuspid valve prolapse	MESH:D014263
HP:0002019	Constipation	MESH:D003248
HP:0012114	Endometrial carcinoma	MESH:D016889
HP:0010522	Dyslexia	MESH:D004410
HP:0001806	Onycholysis	MESH:D054039
HP:0004804	Congenital hemolytic anemia	MESH:D000745
HP:0011950	Bronchiolitis	MESH:D001988
HP:0003095	Septic arthritis	MESH:D001170
HP:0100014	Epiretinal membrane	MESH:D019773
HP:0000246	Sinusitis	MESH:D012852
HP:0100742	Vascular neoplasm	MESH:D019043
HP:0002511	Alzheimer disease	MESH:D000544
HP:0002084	Encephalocele	MESH:D004677
HP:0000164	Abnormality of the teeth	MESH:D014071
HP:0001973	Autoimmune thrombocytopenia	MESH:D016553
HP:0000716	Depression	MESH:D003863
HP:0002185	Neurofibrillary tangles	MESH:D016874
HP:0002888	Ependymoma	MESH:D004806
HP:0001409	Portal hypertension	MESH:D006975
HP:0002516	Increased intracranial pressure	MESH:D019586
HP:0005306	Capillary hemangiomas	MESH:D018324
HP:0011857	Plasmacytoma	MESH:D010954
HP:0008843	Hip osteoarthritis	MESH:D015207
HP:0002840	Lymphadenitis	MESH:D008199
HP:0012076	Borderline personality disorder	MESH:D001883
HP:0002665	Lymphoma	MESH:D008223
HP:0011945	Bronchiolitis obliterans organizing pneumonia	MESH:D018549
HP:0000852	Pseudohypoparathyroidism	MESH:D011547
HP:0010566	Hamartoma	MESH:D006222
HP:0005266	Intestinal polyp	MESH:D007417
HP:0005268	Spontaneous abortion	MESH:D000022
HP:0012723	Sinoatrial block	MESH:D012848
HP:0001723	Restrictive cardiomyopathy	MESH:D002313
HP:0002014	Diarrhea	MESH:D003967
HP:0000024	Prostatitis	MESH:D011472
HP:0011626	Scimitar anomaly	MESH:D012587
HP:0003075	Hypoproteinemia	MESH:D007019
HP:0100520	Oliguria	MESH:D009846
HP:0002153	Hyperkalemia	MESH:D006947
HP:0010959	Congenital cystic adenomatoid malformation of the lung	MESH:D015615
HP:0002720	IgA deficiency	MESH:D017098
HP:0012722	Heart block	MESH:D006327
HP:0001605	Vocal cord paralysis	MESH:D014826
HP:0000790	Hematuria	MESH:D006417
HP:0001159	Syndactyly	MESH:D013576
HP:0100718	Uterine rupture	MESH:D014597
HP:0004812	Pre-B-cell acute lymphoblastic leukemia	MESH:D015452
HP:0010783	Erythema	MESH:D004890
HP:0012498	Nuchal cord	MESH:D053589
HP:0100774	Hyperostosis	MESH:D015576
HP:0002380	Fasciculations	MESH:D005207
HP:0001249	Intellectual disability	MESH:D008607
HP:0000028	Cryptorchidism	MESH:D003456
HP:0100537	Fasciitis	MESH:D005208
HP:0002204	Pulmonary embolism	MESH:D011655
HP:0004430	Severe combined immunodeficiency	MESH:D016511
HP:0001370	Rheumatoid arthritis	MESH:D001172
HP:0100021	Cerebral palsy	MESH:D002547
HP:0001065	Striae distensae	MESH:D057896
HP:0002615	Hypotension	MESH:D007022
HP:0004389	Intestinal pseudo-obstruction	MESH:D007418
HP:0001706	Endocardial fibroelastosis	MESH:D004695
HP:0003201	Rhabdomyolysis	MESH:D012206
HP:0002104	Apnea	MESH:D001049
HP:0001716	Wolff-Parkinson-White syndrome	MESH:D014927
HP:0000316	Hypertelorism	MESH:D006972
HP:0001931	Hypochromic anemia	MESH:D000747
HP:0000458	Anosmia	MESH:D000857
HP:0100650	Vaginal neoplasm	MESH:D014625
HP:0001541	Ascites	MESH:D001201
HP:0003764	Nevus	MESH:D009506
HP:0012803	Anisometropia	MESH:D015858
HP:0011892	Vitamin K deficiency	MESH:D014813
HP:0002812	Coxa vara	MESH:D060905
HP:0001882	Leukopenia	MESH:D007970
HP:0001289	Confusion	MESH:D003221
HP:0012174	Glioblastoma multiforme	MESH:D005909
HP:0002170	Intracranial hemorrhage	MESH:D020300
HP:0100246	Osteoma	MESH:D010016
HP:0002758	Osteoarthritis	MESH:D010003
HP:0011919	Pleural empyema	MESH:D016724
HP:0000486	Strabismus	MESH:D013285
HP:0000204	Cleft upper lip	MESH:D002971
HP:0012218	Alveolar soft part sarcoma	MESH:D018234
HP:0001609	Hoarse voice	MESH:D006685
HP:0001396	Cholestasis	MESH:D002779
HP:0000545	Myopia	MESH:D009216
HP:0002352	Leukoencephalopathy	MESH:D056784
HP:0002870	Obstructive sleep apnea	MESH:D020181
HP:0000843	Hyperparathyroidism	MESH:D006961
HP:0000767	Pectus excavatum	MESH:D005660
HP:0009730	Rhabdomyoma	MESH:D012207
HP:0000123	Nephritis	MESH:D009393
HP:0012887	Ovarian serous cystadenoma	MESH:D018293
HP:0002575	Tracheoesophageal fistula	MESH:D014138
HP:0001733	Pancreatitis	MESH:D010195
HP:0012387	Bronchitis	MESH:D001991
HP:0002020	Gastroesophageal reflux	MESH:D005764
HP:0100551	Neoplasm of the trachea	MESH:D014134
HP:0005679	Dupuytren contracture	MESH:D004387
HP:0001281	Tetany	MESH:D013746
HP:0200023	Priapism	MESH:D011317
HP:0012452	Restless legs	MESH:D012148
HP:0000798	Oligospermia	MESH:D009845
HP:0000965	Cutis marmorata	MESH:D054068
HP:0100777	Exostoses	MESH:D005096
HP:0002035	Rectal prolapse	MESH:D012005
HP:0003228	Hypernatremia	MESH:D006955
HP:0002786	Tracheobronchomalacia	MESH:D055089
HP:0001251	Ataxia	MESH:D001259
HP:0000171	Microglossia	MESH:D014059
HP:0000689	Dental malocclusion	MESH:D008310
HP:0100665	Angioedema	MESH:D000799
HP:0100697	Neurofibrosarcoma	MESH:D018319
HP:0012193	Anaplastic large-cell lymphoma	MESH:D017728
HP:0007354	Amyotrophic lateral sclerosis	MESH:D000690
HP:0000969	Edema	MESH:D004487
HP:0000473	Torticollis	MESH:D014103
HP:0004602	Cervical C2/C3 vertebral fusion	MESH:D007714
HP:0100513	Vitamin E deficiency	MESH:D014811
